PacketNumber,SendTime
0,1714661678.022342
1,1714661678.0685585
2,1714661678.0988905
3,1714661678.1308944
4,1714661678.1629243
5,1714661678.1949043
6,1714661678.2389026
7,1714661678.2749038
8,1714661678.3149047
9,1714661678.3549051
10,1714661678.3949032
11,1714661678.442906
12,1714661678.478903
13,1714661678.5108895
14,1714661678.546925
15,1714661678.578904
16,1714661678.6108913
17,1714661678.642928
18,1714661678.6749048
19,1714661678.7149186
20,1714661678.7469065
21,1714661678.7828903
22,1714661678.8189042
23,1714661678.8628898
24,1714661678.8989043
25,1714661678.9349031
26,1714661678.974906
27,1714661679.0149019
28,1714661679.054903
29,1714661679.0869062
30,1714661679.1228926
31,1714661679.1628916
32,1714661679.1949012
33,1714661679.2348933
34,1714661679.2748919
35,1714661679.3069065
36,1714661679.3428912
37,1714661679.386904
38,1714661679.418903
39,1714661679.4509015
40,1714661679.4828897
41,1714661679.5148897
42,1714661679.546919
43,1714661679.5828907
44,1714661679.6228898
45,1714661679.666906
46,1714661679.70693
47,1714661679.750904
48,1714661679.7909043
49,1714661679.8348918
50,1714661679.8829043
51,1714661679.9229052
52,1714661679.962904
53,1714661680.00293
54,1714661680.0389247
55,1714661680.0748906
56,1714661680.1148891
57,1714661680.150923
58,1714661680.1909237
59,1714661680.226894
60,1714661680.266893
61,1714661680.3068917
62,1714661680.34689
63,1714661680.3868902
64,1714661680.422902
65,1714661680.4629028
66,1714661680.502902
67,1714661680.5349314
68,1714661680.566891
69,1714661680.6068904
70,1714661680.6468947
71,1714661680.6829038
72,1714661680.7188985
73,1714661680.7588935
74,1714661680.7909014
75,1714661680.8229003
76,1714661680.8588898
77,1714661680.898888
78,1714661680.9349184
79,1714661680.974917
80,1714661681.0149028
81,1714661681.0509057
82,1714661681.0949008
83,1714661681.1309173
84,1714661681.1709046
85,1714661681.2109249
86,1714661681.2469008
87,1714661681.2869
88,1714661681.3269215
89,1714661681.3669033
90,1714661681.4069014
91,1714661681.446902
92,1714661681.494903
93,1714661681.5308917
94,1714661681.5708907
95,1714661681.606903
96,1714661681.6469219
97,1714661681.6869018
98,1714661681.7349029
99,1714661681.7749238
100,1714661681.8108902
